{
  "name": "angular-route",
  "version": "1.5.8",
  "license": "MIT",
  "main": "./angular-route.js",
  "ignore": [],
  "dependencies": {
    "angular": "1.5.8"
  },
  "homepage": "https://github.com/angular/bower-angular-route",
  "_release": "1.5.8",
  "_resolution": {
    "type": "version",
    "tag": "v1.5.8",
    "commit": "e96eff424fdd9689061659603ca59470375bf024"
  },
  "_source": "https://github.com/angular/bower-angular-route.git",
  "_target": "~1.5.8",
  "_originalSource": "angular-route"
}